채널코드,채널주문번호,주문일시,수령인,연락처,우편번호,주소,상세주소,배송요청,SKU코드,채널상품코드,채널옵션코드,채널상품명,채널옵션명,수량,단가,비고
CPNG,CP-20261002-001,2026-10-02 09:10,김민수,010-1234-5678,06035,서울특별시 강남구 가로수길 21,301호,부재 시 문 앞에 두세요,,CP7788001,1000123456,베이직 반팔 티셔츠,블랙 / M,2,19900,정상 — 매핑으로 붙는다
CPNG,CP-20261002-001,2026-10-02 09:10,김민수,010-1234-5678,06035,서울특별시 강남구 가로수길 21,301호,,,CP7788001,1000123457,베이직 반팔 티셔츠,화이트 / M,1,19900,정상 — 같은 주문의 둘째 줄
OWN,OWN-20261002-401,2026-10-02 10:05,최유진,010-6666-7777,04524,서울특별시 중구 세종대로 110,,,,OWN-24001,BK-S,베이직 반팔 티셔츠,블랙 / S,1,19900,정상 — 자사몰 품번+옵션
MSSN,MS-20261002-080,2026-10-02 10:48,박지훈,010-4444-5555,48058,부산광역시 해운대구 센텀중앙로 90,1203호,,,MSS-330011,,옥스포드 셔츠 화이트 L,,1,39000,정상 — 무신사는 옵션코드가 없다
OWN,OWN-20261002-402,2026-10-02 11:20,정하늘,010-8888-9999,21999,인천광역시 연수구 송도과학로 32,,,PRD-24001-NV-M,,,베이직 반팔 티셔츠,네이비 / M,2,19900,정상 — SKU코드를 직접 적으면 매핑을 안 거친다
CPNG,CP-20261002-002,2026-10-02 13:02,한지우,010-1111-2222,35233,대전광역시 서구 둔산로 100,,,,CP-NOTMAPPED-77,777777,매핑에 없는 상품,블랙 / L,1,25000,미매핑① — 매핑 자체가 없다. 주문은 생기고 그 줄만 오류대기
MSSN,MS-20261002-081,2026-10-02 13:35,오세린,010-3333-4444,06236,서울특별시 강남구 테헤란로 152,,,,MSS-330022,,와이드 데님 팬츠 네이비 32,,1,59000,미매핑② — 매핑은 있으나 상태가 PENDING 이라 안 붙는다
SMST,SS-20261002-900,2026-10-02 14:11,윤도현,010-5555-6666,13529,경기도 성남시 분당구 판교역로 235,,경비실에 맡겨 주세요,,SS-9001,,캔버스 백팩 블랙,,1,89000,미매핑③ — 매핑은 있으나 상태가 STOPPED 라 안 붙는다
OWN,OWN-20261002-403,2026-10-02 15:00,강우진,010-7777-1111,48058,부산광역시 해운대구 센텀중앙로 90,,,PRD-99999-XX-Z,,,없는 상품,,1,10000,행 거부① — SKU코드가 기준정보에 없다. 이 행은 저장되지 않는다
OWN,OWN-20261002-404,2026-10-02 15:30,서지안,010-9999-2222,04524,서울특별시 중구 세종대로 110,,,,,,,,1,10000,행 거부② — SKU코드도 채널상품코드도 비어 있다
